text,label
"You are really kind and helpful",non-bullying
"Thanks for helping me with the assignment",non-bullying
"I hope you have a great day",non-bullying
"Your presentation was excellent",non-bullying
"That was a funny joke, I laughed",non-bullying
"Could you please explain this again",non-bullying
"I disagree with your opinion",non-bullying
"Good luck with your exam",non-bullying
"You are doing a wonderful job",non-bullying
"Let's discuss this respectfully",non-bullying
"Your idea is interesting",non-bullying
"I appreciate your feedback",non-bullying
"You are stupid and useless",bullying
"Nobody likes you, go away",bullying
"You are such an idiot",bullying
"Stop being so pathetic",bullying
"Everyone is laughing at you",bullying
"You are a loser",bullying
"What a disgusting person you are",bullying
"You cannot do anything right",bullying
"Shut up, nobody wants you here",bullying
"You are embarrassing yourself",bullying
"Your work is terrible and you are lazy",bullying
"People should avoid you",bullying
"You are annoying and worthless",bullying
"I will hurt you if you post that again",severe-bullying
"You better watch your back",severe-bullying
"I am going to find you and hurt you",severe-bullying
"You deserve to be attacked",severe-bullying
"I will make you regret this",severe-bullying
"Everyone should target you",severe-bullying
"I will destroy your life",severe-bullying
"You should be afraid of me",severe-bullying
"I am coming after you",severe-bullying
"I will hurt anyone who supports you",severe-bullying
"You won't be safe if you keep posting",severe-bullying
"I will make sure you suffer",severe-bullying
"You are worthless and I will hurt you",severe-bullying
